Date,Cash,Equity,Market Value,104,11,116,134,144,145,148,156,16,160,161,163,169,185,186,19,194,196,2,200,204,205,211,213,215,227,23,236,239,240,241,246,253,262,266,270,275,281,283,294,297,299,302,31,328,329,331,340,342,35,368,369,386,390,395,41,430,432,437,439,445,451,455,456,476,477,48,480,486,489,494,498,500,505,506,51,516,524,525,528,530,535,539,54,544,556,559,560,580,581,582,588,596,604,622,63,631,67,87,93,98
2023-01-03,41359.84656413295,58834.916646318234,100194.76321045119,,,,,,,4947.8,4697.0,5016.7306,,,,,,,,5022.442,,,,,,,0.0,4930.8324,,4981.629,,555.765,,,,,,,,,,,,,1053.27,,,4856.0975,,,,,,,4991.184,,,,,,,5007.7026,,,4970.68,,,,,,,,,3098.2324,5022.695,,,,,,,,,,3797.7232,,,,,4950.5302,,,,,,,,4985.6916,,4910.4,4984.56,1217.1555,,
2023-01-04,24073.555031818083,80113.24006454543,104186.79509636352,,,,,,,0.0,1032.75,5509.7757,,,,,,,,5208.2496,,,,,,,471.34680000000003,,,,,0.0,,,,,,,,,,,,,,,,,,,,,,,0.0,,,,,,,334.9878,,,4024.991,,,,,,,,,0.0,5019.6524,,,,,,,,,,0.0,,,,,5602.52,,,,,,,,,,,5419.0129,1174.4655,,
2023-01-05,73639.74912164941,35961.49979072163,109601.24891237104,,,,,,,,0.0,,,,,,,5467.08,,5260.8256,,,,,,,,0.0,,,,,,,,,,,,,,,,,,,,0.0,,,,,,,,,,,,,,0.0,,,0.0,,,,,,,,,,0.0,,,,,,,,,,,,,,,0.0,,,,,,,,0.0,,,0.0,0.0,,
2023-01-06,79713.18865599991,30396.87810799998,110110.06676399989,,,,,,,,,,,,,,,5912.748799999999,,,,,,,,,,,,,,,,,,,,,,,,,,,184.94,,,,,,,,,,,,,,,,,,,,,,,,,,,,,,,,,,,,,,,,,,,,,,,,,,,,,,,,,,,
2023-01-09,99157.98148139527,11543.700434883918,110701.68191627918,,,,,,,,,171.1635,,,,,,5974.932,,0.0,,,,,,,,,,0.0,,,,,,,,,,,,,,,0.0,,,,,,,,,,,,,,,,,,,,,,,,,,,,,,,,,,,,,,,,,,,,,,,,,,,,,,,0.0,,,,
2023-01-10,102470.35741739125,8513.404273913391,110983.76169130464,,,,,,,,,3578.7488000000003,,,,,,0.0,,,,,,,,,0.0,,,,,,,,,,,,,,,,,,,,,,,,,,,,,,,,,,,,,,,,,,,,,,,,,,,,,,249.0926,,,,,,,,,,,,,,,,,,,,,,,
2023-01-11,101927.77369659858,9256.970818367778,111184.74451496635,,,,,,,,,5521.2456,,,,,,,,,,,,,,,,,,,,,,,,,,,,,,,,,,,,,,,,,,,,,,,,,,,,,,,,,,,,,,,,,,,,,5515.522199999999,,,,,,,,,,,,,,,,,,,,,,,
2023-01-13,100133.55980000005,11589.525500000258,111723.08530000031,,,,,,,,,,,,,,,,,,,,,,,,,,,,,,,,,,,,,,,,,,,,,,,,,,,,,,,,,,,,,,,,,,,,,,,,,,,,,,5996.3328,,,,,,,,,,,,,,,,,,,,,,,
2023-01-17,108681.28846666672,3487.1750000003085,112168.46346666703,,,,,,,,,0.0,,,,,,,,,,,,,,,,,,,,,,,,,,,,,,,,,,,,,,,,,,,,,,,,,,,,,,,,,,,,,,,,,,,,,0.0,,,,,,,,,,,,,,,,,,,,,,,
2023-01-27,111736.21680000007,520.0000000003201,112256.21680000039,,,,,,,,,,,,,,,,,,,,,,,,,,,,,,,,,,,,,,,,,,,,,,,,,,,,,,,,,,,,,,,,,,,,,,,,,,,,,520.0,,,,,,,,,,,,,,,,,,,,,,,,
2023-01-31,112030.95500000007,315.6118000002316,112346.5668000003,,,,,,,,,,,,,,,,,,,,,,,,,,,,,,,,,,,,,,,,,,,,,,,,,,,,,,,,,,,,,,,,,,,,,,,,,,,,,631.2236,,,,,,,,,,,,,,,,,,,,,,,,
2023-02-06,112288.50320000008,1.4551915228366852e-10,112288.50320000022,,,,,,,,,,,,,,,,,,,,,,,,,,,,,,,,,,,,,,,,,,,,,,,,,,,,,,,,,,,,,,,,,,,,,,,,,,,,,0.0,,,,,,,,,,,,,,,,,,,,,,,,
2023-02-13,111657.34920000008,631.1540000001405,112288.50320000022,,,,,,,,,,,,,,,,,,,,,,,,,,,,,,,,,,,,,,,,,,,,,,,,,,,,,,,,,,,,,,,,,,,,,,,,,,,,,631.154,,,,,,,,,,,,,,,,,,,,,,,,
2023-02-21,112353.28320000008,2.9103830456733704e-11,112353.2832000001,,,,,,,,,,,,,,,,,,,,,,,,,,,,,,,,,,,,,,,,,,,,,,,,,,,,,,,,,,,,,,,,,,,,,,,,,,,,,0.0,,,,,,,,,,,,,,,,,,,,,,,,
2023-03-01,111926.49253333341,455.02200000003603,112381.51453333344,,,,,,,,,,,,,,,,,,,,,248.0,,,,,,,,,,,,,,,,,,,,,,,,,,,,,,,,,,,,,,,,,,,,,,,,,,,,,,,,,,,,,,,,,,,,,,,,,,,,,,,,
2023-03-03,112467.63720000008,7.275957614183426e-11,112467.63720000016,,,,,,,,,,,,,,,,,,,,,0.0,,,,,,,,,,,,,,,,,,,,,,,,,,,,,,,,,,,,,,,,,,,,,,,,,,,,,,,,,,,,,,,,,,,,,,,,,,,,,,,,
2023-03-06,111801.27940000009,666.3578000000707,112467.63720000016,,,,,,,,,,,,,,,,,,,,,,,,,,,,,,,,,,,,,,,,,,,666.3578,,,,,,,,,,,,,,,,,,,,,,,,,,,,,,,,,,,,,,,,,,,,,,,,,,,,,,,,,,
2023-03-08,110477.57763750006,1811.2988767858947,112288.87651428595,,,,,,,,,,,,,,,,,,,,,,,,,,,,,,,,,,,,,,,,,,,,,,,,,,1699.0806,,,,,,,,,,,,,,,,,,,,,,,,,,,,,,,,,,,,,,,,,,,,,,,,,,,
2023-03-10,100388.85611891895,11434.559657297472,111823.41577621643,,,,,,,,,,,,,,,,,,,1849.8600000000001,4822.272,,,,,,,,,,,2579.4959,,,,,,,,,,,,,,,,,,,5564.4057,,,,,,,,,,,,,,,,,,,,,,,,,,,,,,,,,,,,,,,,,,,,,,,,,,,
2023-03-13,97855.89245803571,14385.70722321446,112241.59968125017,,,,,,,,,,,,,,3845.3858,,,,,,5211.8115,,,,,,,,,,,,,,,,,,,,0.0,,,0.0,,,,,,,75.8688,,,,,,,,,,,,,,,,,,,,,,,,,,,1361.9376,,,,,,,,,,,,,,,,,,,,,,,,
2023-03-14,94177.56516874993,18452.337092500085,112629.90226125003,,,,,,,,,,,,,,5475.200000000001,,,,,,4406.7816,,,,,,5072.769,,,,,,,,,,,,,,,,510.76050000000004,,,,,,,,0.0,,,,,,,,,,,,,,,,,,,,,,,,,,,,,,,,,,,,,,,,,,,,,,,,,,,
2023-03-15,83661.83139107136,28411.821024999932,112073.6524160713,,,,,,,,,,,,1558.0295,,5472.0,,,,,,4411.992,,,,,,,,,,,,,,,,,,,,,,,,,,,,,,,,,,,,,,,,,,,,,,,,,5561.5038,,571.149,,,,,,,,,,,,,,,,,0.0,,,,,,,,,,,,,
2023-03-16,81638.82266458326,30114.857566666582,111753.68023124983,,,,,,,,,,,,,,5546.7099,,,,,0.0,0.0,,,,,,,,,,,656.04,,,,,,,,,,,,,,,5578.65,,,,,,,,,,,,,,,3385.5000000000005,,,,,,,,,,,,,,,,,,,,,,,,,,,1957.1277,,,,,,,,,,,,,
2023-03-17,78684.41789677412,33067.222051612516,111751.63994838663,,,,,,,,,,,,0.0,,5453.92,1029.4656,,,,,,,,,,,,,,,,0.0,,,,,,,,,,,,,,,5835.153600000001,,,,,,,,,,,,,,,5523.212500000001,,,,,,,,,,,,,,,,,,,,,,,,,,,4864.719999999999,,,,,,,,,,,,,
2023-03-20,70624.96332584262,41011.46580149766,111636.42912734028,,,0.0,,,,,258.63,,,,,,565.3983000000001,,,,,,,,,,,,0.0,,,,,,,,,,,,,5552.5307999999995,,,0.0,,,,,,,,,,,,,,,0.0,,,,5519.42,,,,4736.9,,,,,,,,,,,,5605.109,,,,,,,,,,,4773.405,,,,,,,,,,,,,
2023-03-21,79554.18764090896,34180.817103408735,113735.0047443177,,,,,,,,,,,,,,528.58,,,,,,,,,,,,,,,,,2145.7951000000003,,,,,,,,607.5612,,,,,,,,,,,,,,,,,,,,,,,,,,0.0,,,,71.3545,,0.0,,,,,,5655.499,,,,,,,,,,,,,,,,,,,,,,,,
2023-03-22,93809.2089324323,19998.01882162132,113807.22775405362,,,,,,,,,,,,,,1507.9306000000001,,,,,,,,,,,,,,,,,,,,,,,,,0.0,,,,,4132.4736,,0.0,,,412.5,,,,,,,,,,,,2307.9900000000002,,,,,,,,,,,,604.4004,,,,,,,,,,,,,,,0.0,,,,,,,,,,,,,
2023-03-23,92350.01323049633,21230.213623403968,113580.2268539003,,,,,,,,,,,,,,1917.0756,0.0,,,,,,,,,,,,,,,,,,,,,,,,,5384.2975,,,,5603.496,,,,,,,,,,,,,,528.0268,,,91.52000000000001,,,,,,,,1342.5552,,,,,,,,,,,,,,,,,,,,,,,,,,,,,,,,
2023-03-24,89181.51111842094,24110.808776315556,113292.31989473649,,,,,,,,,,,,,,2986.2351,,,,,,,,,,,,,,,,,,,,,,,,,,,,,,,,,,,,,,,,,,,,,,,85.28,,,,,,,,1611.39,,,,823.0,,,,5606.874,,,,,,,,,,,,,,,,,,,,,,,,
2023-03-27,83696.36510867332,30106.867369897896,113803.23247857123,,5646.2424,,,,,,0.0,,,,,,2710.2096,,,,,,,,,,,,,,,,,0.0,,,,,,,,3820.912,5531.8906,,,,,,,,,,,,,,,,,,,,,0.0,,,,,,,,5327.0784,,,1077.0948,,,,,130.56,,,,,,,,,,,,,,,,,,,,,,,,
2023-03-28,79508.12089830494,34025.23245932195,113533.3533576269,,,,,,,,,,,,,,3706.6172,,,,,,,,,,,,,,,,,,,,,,,,,,,,,,1473.9912,,,1254.012,,0.0,,,,,,,,5566.400000000001,,,,,,,,,,,,,,,,227.05,,,,,,,,,,,,,,,,,,,,,,,,,,,,
2023-03-29,82320.62069461524,31946.96086538439,114267.58155999963,,,,,,,,,,,,,,1455.1192,1732.0629999999999,,,,,,,,,,,,,,,,,,,,,,,,,0.0,,,,0.0,,,0.0,,2203.9303999999997,,,,,,,,,0.0,,,,,,,,,,,4372.397199999999,,,,,,,,0.0,,,,5706.954,,,,,,,,,,,,,,,,,,,,
2023-03-30,86082.09336923064,29247.35255576903,115329.44592499967,,0.0,,,,,,,,,,,,744.3744,,,,,,,,,,,,,,,,,,,,,,,,,,,,,,,,,,,,,,,,,,,,,,,,,,,,,,,1142.7025999999998,,,,5255.6314999999995,,,,,,,,0.0,,,,,,,,,,,,,,,,,,,,
2023-03-31,89126.633653846,26848.415823076823,115975.04947692284,,,,,,,,,,,,,,,5779.0419999999995,,,,,,,,,,,,,,,,,,,,,,,,,,,,,,,,,,5727.8288999999995,,,,,,,,,,,,,,,,,,,,0.0,,,,,,,,,,,,,,,,,,,,,,,,,,,,,,,,
2023-04-03,90882.51599322022,25846.930506779703,116729.44649999993,,,,,,,,,,,,,,0.0,,,,,,,,,,,,,,,,,,,,,,,,,0.0,,,,,,,,,,,,,,,,,,16.939999999999998,,,,,,,,,,,,,,,0.0,,,,,5588.7702,,,,,,,,,,,1028.645,,,,,,,,,,,,,
2023-04-04,87399.9481619882,29311.743070175413,116711.6912321636,,,,,,,,,,,,,,,5847.5084,,,,,,,,,,,4074.678,,,,,5039.582,,,,,,,,,,,,,,,,,,1036.2828,,,,,,,,0.0,,,,,,,,,,,,,,,,,,,,,,,2303.3834,,,,,,,,2547.1005,,,,,,,,,,,,,
2023-04-05,88828.00204675311,27614.073722077992,116442.07576883113,,,,,,,,,,,,,,,5808.6943,,,,,,,,,,,,,,,,5593.1708,,,,,,,,,,,,,,,,,,,,,,,,,,,,,,,,,,,,,,,,,,1132.1163,,,,5609.7272,,,,,,,,,,,,,,,,,,,,,,,,
2023-04-06,88168.84847434773,28260.242399130508,116429.09087347824,,,,,,,,,,,,,,,5810.589199999999,,,,,,,,,,,,,,,,5776.0650000000005,,,,,,,,,,,,,,,,,,,,,,,,,,,,,,,,,,,,,,,,,,1329.3966,,,,5709.5612,,,,,,,,,,,,,,,,,,,,,,,,
2023-04-10,104298.58476147533,11634.393054098384,115932.97781557371,,,,,,,,,,,,,,,4189.2300000000005,,,,,,,,,,,0.0,,,,,1028.5729999999999,,,,,,,,,,,,,,,,,,0.0,,,,,,,,,,,,,,,,,,,,,,,,,,,,451.35,,,0.0,,,,,,,,0.0,,,,,,,,,,,,,
2023-04-11,110985.591146875,5261.535714062442,116247.12686093744,,,,,,,,,,,,,,,0.0,,,,,,,,,,,,,,,,203.7644,,,,,,,,,,,,,,,,,,,,,,,,,,,,,,,,,,,,,,,,,,1050.195,,,,47.337,,,,,,,,,,,,,,,,,,,,,,,,
2023-04-12,113744.62675333336,2930.2637533331676,116674.89050666653,,,,,,,,,,,,,,,,,,,,,,,,,,,,,,,0.0,,,,,,,,,,,,,,,,,,,,,,,,,,,2614.15,,,,,,,,,,,,,,,881.9300000000001,,,,0.0,,,,,,,,,,,,,,,,,,,,,,,,
2023-04-13,114849.91200000003,2614.149999999863,117464.06199999989,,,,,,,,,,,,,,,,,,,,,,,,,,,,,,,,,,,,,,,,,,,,,,,,,,,,,,,,,,,,,,,,,,,,,,,,,0.0,,,,,,,,,,,,,,,,,,,,,,,,,,,,
2023-04-18,116882.10884375001,649.6349374998454,117531.74378124987,,,,,,,,,,,,,,,,,,,,,,,,,,,,,,,,,,573.648,,,,,,,,,,,,,,,,,,,,,,,,0.0,,,,,,,,,,,,,,,,,,,,,,,,,,,,,,,,,,,,,,,,,,,
2023-04-21,115284.20282916672,2179.7622749998095,117463.96510416652,,,,,,,,,,,,,,,,,,658.7772,,,,,,,,,,,,,,,,,,,,,,,,,,,,,,,,,,,,,,,,,,,,,,,,,,,,,,,,1765.5,,,,,,,,,,,,,,,,,,,,,,,,,,,
2023-04-24,108590.52173548391,9770.21564193518,118360.73737741911,,,,,,,,,,,,,,,,,,0.0,,750.3045000000001,,,,997.5746,,,,,,,,,,4368.25,,,,,,475.7994,,,,1429.5,,,,,,,,,,,,,,,,,,,,,,,,,,,,,,3031.47,,,,,,,,,,,,,,,,,,,,,,,,,,,
2023-04-25,108842.56496000006,9638.494639999732,118481.05959999977,,,,,,,,,,,,,,,,,,,,,,,,,,,,,,,,,,,,,,,,,,,,,,,,,,,,,,,,,,,,,,,,,,,,,,,,,,0.0,,,,,,,,,,,,,,,,,,,,,,,,,,,
2023-04-26,104935.1722733945,12818.525752293686,117753.6980256882,,,,,,,,,,,,,,,,,,,,,,,,,,,,,,,,,,,,,,,,,,,,,,,,,,,,,,,,,,5834.2654,,,,,,,,,,,,,,,,,,,,,,,,,,,,,,,,,,,,,,,,,,,
2023-04-27,93279.1512218622,24454.187542510586,117733.33876437278,,,,,,,,,,,,,,,,,,,4266.457,3749.9532000000004,,,,,,,,,,,,,,,,,,,,,,,,,,,,,,,0.0,,,,,,,,,,,,,,,,,,,,,,,,,,,,,,,,,,,,,,,,,,,,,,,,,,
2023-04-28,96276.67436271172,22890.271223729113,119166.94558644084,,,,,,,,,,,,,,,,,,,5901.48,,,,,,,,,,,,,,,,,,,,,,,,,,,,,,,,,,,,,,,,,,,,,,,,,,,,,,,,,,,,,,,,,,,,,,,,,,,,,,,,,,
2023-05-01,100832.71989999982,18491.956380000327,119324.67628000016,,,,,,,,,,,,,,,,,,,,2963.1760999999997,,,,0.0,,,,,,,,,,0.0,,,,,,0.0,,,,0.0,,,,,,,,,,,,,,,,,,,,,,,,,,,,,,,,,,,,,,,,,,,,,,,,,,,,,,,,,
2023-05-02,110018.32379999981,9006.634000000347,119024.95780000016,,,,,,,,,,,,,,,,,,,,,,,,,,,,,,,,,,,,,,,,,,,,,,,,,,,,,,,,,,492.7618,,,,,,,,,,,,,,,,,,,,,,,,,,,,,,,,,,,,,,,,,,,
2023-05-03,112631.91011632635,6397.45481428602,119029.36493061238,,,,,,,,,,,,,,,,,,,1865.4727,0.0,,,,,,,,,,,,,,,,,,,,,,,,,,,,,,,,,,,,,2070.6,2265.648,,,,,,,,,,,,,,,,,,,,,,,,,,,,,,,,,,,,,,,,,,,
2023-05-04,115553.24169999982,4305.843200000323,119859.08490000015,,,,,,,,,,,,,,,,,,,0.0,,,,,,,,,,,,,,,,,,,,,,,,,,,,,,,,,,,,,,,,,,,,,,,,,,,,,,,,,,,,,,,,,,,,,,,,,,,,,,,,,,
2023-05-08,116379.7164466665,4302.00862666694,120681.72507333342,,,,,,,,,,,,,,,,,,,,,,,,,,,,,,,,,,,,,,,,,,,,,,,,,,,,,,,,,,0.0,,,,,,,,,,,,,2329.7281000000003,,,,,,,,,,,,,,,,,,,,,,,,,,,,,,
2023-05-09,115121.12535348818,5503.245809302627,120624.3711627908,,,,,,,,,,,,,,,,,,,,2563.2432,,,,,,,,,,,,,,,,,,,,,,,,,,,,,,,,,,,,,0.0,,,,,,,,,,,,,,4710.1218,,,,,,,,,,,,,,,,,,,,,,,,,,,,,,
2023-05-11,112038.97408428548,8689.132131428945,120728.10621571442,,,,,,,,,,,,,,,,,,,,4850.2328,,,,,,,,,,,,,,,,,,,,,,,,,,,,,,,,,,,,,,,,,,,,,,,,,,,,,,,,,,,,,,,,,,,,,,,,,,,,,,,,,
2023-05-15,117439.93077894709,3966.718563158071,121406.64934210516,,,,,,,,,,,,,,,,,,,,0.0,,,,,,,,,,,,,,,,,861.7800000000001,,,,,,,,,,,,,,,,,,,,,,,,,,,,,,,,,,0.0,,,,,,,,,,,,,,,,,,,,,,,,,,,,,,
2023-05-17,118419.38037560949,3016.679070731994,121436.05944634147,,,,,,,,,,,,,,,,0.0,,,,,,,,,,,,,,,,,,,,,873.1296,,2615.9328,,,,,,,,,,,,,,,,,,,,,,,,,,,,,,,,,,,,,,,,,,,,,,,,,,,,,,,,,,,,,,
2023-05-18,117095.0047948273,4839.703586207283,121934.70838103458,,,,,,,,,,,,,,,,,,,,,,,,,,,,,,,,,,,,,2012.0166000000002,,2858.6468,,,,,,,,,,,,,,,,,,,,,,,,,,,,,,,,,,,,,,,,,,,,,,,,,,,,,,,,,,,,,,
2023-05-19,117083.73472499973,4600.4134250003335,121684.14815000005,,,,,,,,,,,,,,,,,,,,,,,,,,,,,,,,,,,,,947.1630000000001,,,,,,,,,,,,,,,,,,,,,,,,,,,,,,,,,,,,,,,,,,,,,,,,,,,,66.0,,,,,,,,,,,,
2023-05-22,117342.38045357112,4117.367685714706,121459.74813928585,,,,,,,,,,,,,,,,,,,,,,,,,,,,,,,,,,,,,934.8072000000001,,3386.064,,,,,,,,,,,,,,,,,,,,,,,,,,,,,,,,,,,,,,,,,,,,,,,,,,,,,,,,,,,,,,
2023-05-23,119706.5255199997,1992.4728500004635,121698.99837000018,,,,,,,,,,,,,,,,,,,,,,,,277.4,,,,,,,,,,,,,72.438,,231.64480000000003,,,,,,,,,,,,,,,,,,,,,,,,,,,,,,,,,,,,,,,,,,,,,,,,,,,,,,,,,,,,,,
2023-05-24,121096.76152857117,563.8664000005311,121660.62792857169,,,,,,,,,,,,,,,,,,,,,,,,,,,,,,,,,,,,,0.0,,0.0,,,,,,,,,,,,,,,,,,,,,,,,,,,,,,,,,,,,,,,,,,,,,,,,,,,,,,,,,,,,,,
2023-05-25,118558.8597796114,3031.6303592237746,121590.49013883519,,,,,,,,,,,,,,,,,,,,,,,,,,,,,,,,,,,,,,,3736.012,,,,,,,,,,,,,,,,,,,,,,,,,,,,,,,,,,,,,,,,,,,,,,,,,,1358.0314,,,,,,,,,,,,
2023-05-26,113655.85509387734,7982.761759184182,121638.61685306153,,,,,,,,,,,,,,,,,,,,,,,,,,,,,,,,3197.44,,,,,,,,,,,,,,,,,,,,,,,,,,,,,,,,,,,,,,,,,,,,,,,,,,,,,,,,,,,,,,,,,,,,,
2023-05-30,108172.77009736825,13571.127555263645,121743.8976526319,,,,,,,,,,,,,,,,,,,,,,,,0.0,,,,,,,,5330.179999999999,,,,,,,,,,,,,,,,,,,,,,,,,,,,,,,,,,,,3507.4049999999997,,,,,,,,,,,,,,,,,,,,,,,,,,,,,,,,,
2023-05-31,111385.31631428553,10691.029640000414,122076.34595428593,,,,,,,,,,,,,,,,,,,,,,,,,,,,,,,,,,,,,,,0.0,,,,,,,,,,,,,,,,,,,,,,,,,,,,,0.0,,,,,,,,,,,,,,,,,,,,,40.147200000000005,,,,,,,,,,,,
2023-06-01,119161.62249736821,2726.127934210945,121887.75043157914,,,,,,,,,,,,,,,,,,,,,,,,,,,,,,,,1836.2024999999999,,,,,,,,,,,,,,,,,,,,,,,,,,,,,,,,,,,,,,,,,,,,,,,,,,,,,,,,,0.0,,,,,,,,,,,,
2023-06-05,120747.50158399982,977.7956440003006,121725.29722800013,,,,,,,,,,,,,,,,,,,,,,,,,,,,508.75000000000006,,,,0.0,,,,,,,,,,,,,,,,,,,,,,,,,,,,,,,,,,,,,,,,,,,,,,,,,,,,,,169.25,,,,,,,,,,,,,,,
2023-06-06,115918.37133365372,5961.244554807974,121879.61588846169,,,,,,,,,,,,,,,,,,,,,,,,,,,,,,,,5469.84,,,,,,,,,,,,,,,,,1831.9906,,,,,,,,,,,,,,,,,,,,,,,,,,,,,,,,,,,,,,,,,,,,,,,,,,,,
2023-06-07,113677.7651826529,8055.018475510542,121732.78365816345,,,,,,,,,,,,,,,,,,,,,,,,,,,,,,,,5640.11,,,,,,,,,,,,,,,,,,,,,,,,,,,,,,,,,,,,,,,,,,,,,,,,,,,,,,,,,,,,,,,,,,,,,
2023-06-08,113409.09069405918,8096.339417822236,121505.43011188142,,,,,,,,,,,,,,,,,,,,,,,,,,,,,,,,5612.610000000001,,,,,,,,,,,,,,,,,,,,,,,,,,,,,,,,,,,,,,,,,,,,,,,,,,,,,,0.0,,,,,,,,,,,,,,,
2023-06-09,113133.11420499977,8145.523451667096,121278.63765666686,,,,,,,,,,,,,,,,,,,,,,,,,,,,,,,,5812.56,,,,,,,,,,,,,,,,,,,,,,,,,,,,,,,,,,,,,,,,,,,,,,,,,,,,,,,,,,,,,,,,,,,,,
2023-06-12,110638.21916737943,10127.67224527678,120765.8914126562,,,,,,,,,,,,,,,,,,,,,,,,,,,,0.0,,,,5246.639999999999,,,,,,,,,,,,,,,,,0.0,,,,,,,,,,,,,,,,,,,,,,,,,,,,,,,,,,,,,,,,,5927.3099999999995,,,,,,,,,,,
2023-06-13,109757.19764035074,10638.494885965349,120395.6925263161,,,,,,,,,,,,,,,,,,,,,,,,,,,,,,,,4449.280000000001,,,,,,,,,,,,,,,,,,,,,,,,,,,,,,,,,,,,,,,,,,,,,,,,,,,,,,,,,,,,,,,,,,,,,
2023-06-14,113387.39829615373,7859.34270384659,121246.74100000031,,,,,,,,,,,,,,,,,,,,,,,,,,,,,,,,0.0,,,,,,,,,,,,,,,,,1565.0700000000002,,,,,,,,,,,,,,,,,,,,,,,,,,,,,,,,,,,,,,,,,,,,,,,,,,,,
2023-06-15,111420.84357179471,9906.557828205578,121327.40140000031,,,,,,3665.48,,,,,,,,,,,,,,,,,,,,,,,,,,,,,,,,,,,,,,,,,,,,,,,,,,,,,,,,,,,,,,,,,,,,,,,,,,,,,,,,,,,,,,,,,,,,,,,
2023-06-16,100859.70391173894,20097.700370000384,120957.40428173932,,,,,,4492.8,,,,,,,,,602.2031999999999,,,,,,,,,,,,,5968.6011,,,,,,,,,,,,,,,,,,,,,3780.4275,,,,,,,,,,,,,,,,,,,,,,,,,1781.313,,,,,,,,,,,,,,,,5947.263599999999,,,,,,,,,,,
2023-06-20,102839.73305833315,17812.211080555975,120651.94413888913,,,,,,4485.9591,,,,,,,,,,,,,,,,,,566.8425,,,,5999.5943,,,,,,,,,,,,,,,,,,,,,0.0,,,,,,,,,,,,,,,,,,,,,,,,,4055.1935999999996,,,,,,,,,,,,,,,,242.136,,,,,,,,,,,
2023-06-21,100957.13197833314,19620.13183208382,120577.26381041695,,,,,,4719.6,,,,,,,,,,,,,,,,,,977.9805,,,,,,,,,,,,,,,,,,,,,,,,,,,,,,,,,,,,,,,,6456.0696,,,,,,,,,,,,,,,,,,,,,,,,,,,,,,,,,,,,,
2023-06-22,101476.52333467474,19392.733393189195,120869.25672786395,,,,,,322.66,,,,,,,,,0.0,,,,,,2313.92,,,2044.2448,,,,43.2036,,,,,,,,,,,,,,,,,,,,,,,,,,,,,,,,,,,,5984.405,,,,,,,,,,2427.022,,,,,,,,,,,,,,,,0.0,,,,,,,,,,,
2023-06-23,107332.9918384614,15508.504269231033,122841.49610769244,,,,,,1071.853,,,,,,,,,,,,650.25,,,4975.7697,,,,,,,31.6,,,,,,,,,,,,,,,,,,,,,,,,,,,,,,,,,,,,6054.912,,,,,,,,,,,,,,,,,,,,,,,,,,,,,,,,,,,,,
2023-06-26,104159.49480528955,19079.608024433568,123239.10282972312,,1226.3664,,,,,,,,,,,,,,,,5920.046,,,,,,5439.599999999999,,,,11.699100000000001,,,,,,,,,,,,,,,,,,,,,,,,,,,,,,,,,,,,6152.545,,,,,,,,,,0.0,,,,,,,,,,,,,,,,,,,,,,,,,,,
2023-06-27,95086.74730461532,27643.822676923304,122730.56998153862,,,,,,,,,,,,,,,,,,5951.1438,,,5725.88,,,0.0,,,,0.0,,,,,,,,,,,,,,,,,,,,,,,,,,,,,,,,,,,,6097.0908,,,,,,,,,,,,,,,,,,,,,,,,,,,,,,,,,,,,5941.1975999999995,
2023-06-28,94403.33798083621,28055.77257979123,122459.11056062742,,,,,,,,,,,,,,,,,,6029.2991,,,3753.75,,,5625.102,,,,,,,,,,,,,,,,,,,,,,,,,,,,,,,,,,,,,,,,6089.846399999999,,,,,,,,,,,,,,,,442.65040000000005,,,,,,,,,,,,,,,,,,,,0.0,
2023-06-29,78906.69046781247,43603.05635625035,122509.74682406282,,,,,,0.0,,,,,,,,,6123.5352,,,5620.0667,,,6068.8,,,6133.0875,,,,,,,,,,,,,,,,,,6090.7392,,,,,,,,,,,,,,,,,,,6133.604700000001,,,6118.5846,,,,,,,,,,,,,,,,5417.5738,,,,,,,,,,,,,,,,,,,,,
2023-06-30,76475.53938481014,48304.101648101554,124779.64103291169,,,,,,,,,,,,,,,,,,2889.2094,,,,,,6243.6328,,,,,,,,,,,,,,,,,,6263.847,,,,,,,,,,,,,,,,,,,,,,,,,,,,,,,,,,,,,,,,,,,,,,,,,,,,,,,,,,,
2023-07-03,84862.3545384616,41752.41583846197,126614.77037692357,,0.0,,,,,,,,,,,,,,,,3021.1812000000004,,,5740.123,,,6274.3292,,,,,,,,,,,,,,,,,,,,,,,,,,,,,,,,,,,,,,,,0.0,,,,,,,,,,,,,,,,,,,,,,,,,,,,,,,,,,,,,
2023-07-05,103821.97266735294,23300.454263235824,127122.42693058877,,,,,,,,,,,,,,,0.0,,,4479.7133,,,5884.5,,,6411.9852,,,,,,,,,,,,,,,,,,6330.531999999999,,,,,,,,,,,,,,,,,,,6357.7008,,,,,,,,,,,,,,,,,,,0.0,,,,,,,,,,,,,,,,,,,,,
2023-07-06,104116.1722703703,23002.29964814882,127118.47191851912,,,,,,,,,,,,,,,,,,,,,5279.6051,,,0.0,,,,,,,,,,,,,,,,,,,,,,,,,,,,,,,,,,,,,,,,,,,,,,,,,,,,,,,,,,,,,,,,,,,,,,,,,,,,,
2023-07-07,104637.61446249994,22397.25853750071,127034.87300000066,,,,,,,,,,,,,,,,,,,,,,,,,,,,,,,,,,,,,,,,,,6260.150000000001,,,,,,,,,,,,,,,,,,,,,,,,,,,,,,,,,,,,,,,,,,,,,,,,,,,,,,,,,,,
2023-07-10,102969.52869014083,24307.312881690897,127276.84157183171,,,,,,,,,,,,,,,,,,1435.47,,,6238.05,,,,,,,,,,,,,,,,,,,,,,,,,,,,,,,,,,,,,,,,,,,,,,,,,,,,,,,,,,,,,,,,,,,,,,,5064.171200000001,,,,,,,,,
2023-07-11,110713.96538324325,17258.09126000081,127972.05664324408,,,,,,,,,,,,,,,,,,0.0,,,5702.6509,,,,,,,,,,,,,,,,,,,,,10.709999999999999,,,,,,,,,,,,,1143.3282,,,,,,2.8725,,,,,,,,,,,,,,,,,,,,,,,,,,,,,,,5818.499999999999,,,,,,,,,
2023-07-12,121683.02919691791,6784.982712671838,128468.01190958975,,,,,,,,,,,,,,,,,,,,,5614.291200000001,,,,,,,,,,,,,,,,,,,,,0.0,,,,,,,,,,,,,1279.872,,,,,,0.0,,,,,,,,,,,,,,,,,,,,,,,,,,,,,,,0.0,,,,,,,,,
2023-07-14,115603.11408225277,12566.307258362393,128169.42134061517,,,,,,,,,,,,,,,,,,,,,6325.0055,,,2265.3905999999997,,,,,,,,,,,,,,,,,,,,,,,,,,,,,,,6183.6909000000005,,,,,,,,,,,,,,,,,,,,,,,,,,,,,,,,,,,,,,,,,,,,,,
2023-07-17,111147.47684834461,17413.876912583302,128561.35376092792,,,,,,,,,,,,,,,,,,,,,0.0,,,6283.68,,,,,,,2915.2224,,,,,,,,,,,,,,,,,,,,,,,,135.2049,,,,,,,,,,,,,,,,,,,,,,,,,,,,,,,,,,,,,5753.816900000001,,,,,,,,,
2023-07-18,113591.12903833351,15860.744033333935,129451.87307166745,,,,,,,,,,,,,,,,,,,,,142.26,,,6438.866,,,,,,,,,,,,,,,,,,,,,,,,,,,,,,,0.0,,,,,,,,,,,,,,,,,,,,,,,,,,,,,,,,,,,,,,,,,,,,,,
2023-07-19,113488.37908333355,15536.814050000568,129025.19313333412,,,,,,,,,,,,,,,,,,,,,,,,6398.8425,,,,,,,,,,,,,,,,,,,,,,,,,,,,,,,,,,,,,,,,,,,,,,,,,,,,,,,,,,,,,,,,,,,,,,,,,,,,,
2023-07-20,114646.19030000022,14461.973570000546,129108.16387000078,,,,,,,,,,,,,,,,,,,,,,,,4405.6,,,,,,,,,,,,,,,,,,,,,,,,,,,,,,,,,,,,,,,,,,,,,,,,,,,,,,,,,,,,,,,,,,,,,,,,,,,,,
2023-07-21,115725.17366666689,13086.29713333387,128811.47080000077,,,,,,,,,,,,,,,,,,,,,,,,,,,,,,,,,,,,,,,,,,,,,,,,,,,,,,,,,,,,,,,,,,,,,,,,,,,,,,,,,,,,,,,,,,,,5844.36,,,,,,,,,
2023-07-24,127435.44655000023,1276.95540000049,128712.40195000071,,,,,,,,,,,,,,,,,,,,,0.0,,,18.1824,,,,,,,0.0,,,,,,,,,,,,,,,,,,,,,,,,,,,,,,,,,,,,,,,,,,,,,,,,,,,,,,,,,,,,,73.78,,,,,,,,,
2023-07-25,128628.73675000021,76.83312500046304,128705.56987500068,,,,,,,,,,,,,,,,,,,,,,,,0.0,,,,,,,,,,,,,,,,,,,,,,,,,,,,,,,,,,,,,,,,,,,,,,,,,,,,,,,,,,,,,,,,,,,,,,,,,,,,,
2023-07-26,127030.02266666689,1680.173916667164,128710.19658333405,,,,717.1999999999999,,,,,,,,,,,,,,,,,,,,,,,,,,,,,,,,,,,,,,,,,,,,,,,,,,,,,,,,,1518.1,,,,,,,,,,,,,,,,,,,,,,,,,,,,,,,,,,,,,,,,
2023-07-27,126442.68953333353,2144.457733333877,128587.14726666741,,,,,,,,,,,,,,,,,,,,,,,,,,,,,,,,,,,,,,,,,,,,,,,,,,,,,,,,,,,,,,,,,,,,,,,,,,,,,,,,,,,,,,,,,,,,0.0,,,,,,,,,
2023-07-28,125722.4427250002,2862.7561500006595,128585.19887500087,,,,,,,,,,,,,,,,,,,,,,,,,,,,,,,,,,,,,,,,,,,,,,,,,,,,,,,,,,,,,1896.0077999999999,,,,,,,,,,,,,,,,,,,,,,,,,,,,,,,,,,,,,,620.5655,,
2023-07-31,122259.0228076925,6389.074600000665,128648.09740769317,,,,,,,,,,,,,,,,,,,,,,,,,,530.13,,,,,,,,,,,,,,,,,,,,,,,,,,,,,,,,,,,5648.952,,,,,,,,,,,,,,,,,,,,,,,,,,,,,,,,,,,,,,,,
2023-08-01,122012.44673333352,6845.055800000516,128857.50253333403,,,,0.0,,,,,,,,,,,,,,,,,,,,,,,,,,,,,,,,,,,,,,,,,,,,,,,,,,,,,,,,,5192.3745,,,,,,,,,,,,,,,,,,,,,,,,,,,,,,,,,,,,,,,,
2023-08-02,109007.67192516578,20031.470182450907,129039.14210761669,,,,6327.14,,,,,,,,,,,,,,,,,,,,634.2957,,,,,,,,,,,,,,,,,,,,,,,,,,,,,,,,5032.6452,,,,,6375.05,,,,,,,4454.154,,,,,,,,,,,,,,,,,,,,,,,,,,,,,,,,,
2023-08-03,105422.7147301889,24637.018651415736,130059.73338160463,,,,6462.54,,,,,,,,,,,,,,,,,,,,,,,,,,,,,,,,,,,,,,,,,,,,,,,,,,,,6491.7835000000005,,,,,6213.95,,,,,,,,,,,,,,,,,,,,,,,,,,,,,,,,,,,,,,0.0,,
2023-08-04,99734.8554871797,28738.251712820962,128473.10720000065,,,,,,,,,,,,,,,,,,,,,,,,,,,,,,,,,,,,,,,,6256.8554,,,,,,,,,,,,,,,,6398.2208,,,,,,,,,,,,,,,,,,,,,,,,,,,,,,,,,,,,,,,,,,,,,
2023-08-07,99755.28478571444,27551.77928721861,127307.06407293305,,,,,,,,,,,,,,,,,,,,,,,,,,0.0,,,,,,,,,,,,,,5953.961499999999,,,,,,,,,,,,,,,,6312.456,,,,,2019.5,,,,,,,,,,,,,,,,,,,,,,,,,,,,,,,,,,,,,,,,
2023-08-08,110367.93287528103,17307.95239887695,127675.88527415798,,,,5.48,,2399.8016,,,,,,,,,,,,,,,,,,0.0,,,,,,,,,,,,,,,,,,,,,,,,,,,,,,,,,,,,,0.0,,,,,,,0.0,,,,,,,,,,,,,,,,,,,,,,,,,,,,,,,,,
2023-08-09,109699.372695361,17413.581552062416,127112.95424742342,,,,0.0,,4905.1024,,,,,,,,,,,,,,,,,,,,,,,,,,,,,,,,,,,,,,,,,,,,,,,,,,1418.904,,,,,,,,,,,,,,,,,,,,,,,,,,,,4039.4900000000002,,,,,,,,,,,,,,,,,
2023-08-10,111299.95804753108,15842.397229012771,127142.35527654385,,,,,,,,,,,,,,,,,,,,,,,,,,,,,,,,,,,,,,,5525.751,49.6104,,,,,,,,,,,,,,,,687.4472000000001,,,,,,,,,,,,,,,,,419.025,,,,,,,,,,,,,,,,,,,,,,,,,,5144.150000000001,,
2023-08-11,104681.45243214315,22304.51352142881,126985.96595357195,,,,,,,,,,,,,,,,,,,,,,,,,,,,,,,,,,,,,,,5529.306,,,,,,,,,,,,,,,,,,,,,,,,,,,,,,,,,,2715.7475999999997,,,,,,,,,,,5590.7358,,,,,,,,,,,,,,,5230.107,,
2023-08-14,99024.92031166694,27492.807885000075,126517.72819666701,,,,,,0.0,,,,,,,,,,,,,,,,,,,,,,,,,,,,,,,,,6184.3977,0.0,,,,,,,,,,,,,,,,5346.5988,,,,,,,,,,,,,,,,,3342.4209,,,,,,,,,,,,,,,,,,,,,,,,,,,,
2023-08-15,93170.26421564264,33923.26005307276,127093.52426871541,,,,,,,,,,,,,,,1827.9326,,,,,,,,,,,,,,6343.0205000000005,,,,,,,,,,6115.6106,,,,,,,,,,,,,,,,,,,,,,,,,,,,,,,,,4349.2045,,,,,,,,,,,,2001.168,,,,,,,,,,,,,,,,,
2023-08-16,98534.81633571447,28069.14410952407,126603.96044523854,,,,,,,,,,,,,,,2122.4791,,,,,,,,,,,,,,,,,,,,,,,,1236.312,,,,,,,,,,,,,,,,,,,,,,,,,,,,,,,,,,,,,,,,,,,,,,,,,,,,,,,,,,,,253.99500000000003,,
2023-08-17,83813.4744302032,42804.32243121851,126617.79686142174,,,55.125,,,,,,,,,,,6304.0808,,,,,,,,1499.8980000000001,,,,,,,,,,,,,,,,,3877.44,,,,,,,,,,,,,,,,,,6319.3550000000005,,,,,,,,,,,,,,6033.599999999999,,660.046,,,,,,,,,,,0.0,,,,,,6318.988600000001,,,,,,,,,0.0,,
2023-08-18,70833.69682192533,56250.73763903774,127084.43446096308,,,640.0625000000001,,,,,,,,,,,,,,,,,,,6447.080000000001,,,,,,,5886.255999999999,,,,,,,,,,5345.740000000001,,,,,,,6123.24,,,,,,,,,,,,,,,,,,,,,,,,,,,,,,,,,,,,,,,,,,,,6324.5208,,,,,,,,,,,
2023-08-21,74300.41840925133,54062.969286343876,128363.38769559523,,,,,,,,,,,,,,,0.0,,,,,,,0.0,,,,,,,2889.1139999999996,,5901.648,,,,,,,,1273.0536000000002,,,,,,,,,,,,,,,,,0.0,,,,4045.8860000000004,,,,,,,,,,,,307.1166,0.0,,1091.01,,,,,,,,,6326.1755,,,,,,6418.5528,,,,,,,,,,,
2023-08-22,71266.69424782635,56039.699765217534,127306.39401304387,369.0,,,,,,,,,,,,,,,,,,,,,3727.6422,,,,,,,,,,,,,,,,,,,,,,,,,,,,,,,,,,,,,,5652.001,,,,,,,,,,,,0.0,,,,,,,,,,,,6296.5749,,,,,,6327.3121,,,,,,,,,,,
2023-08-23,77379.94381021925,48875.03968613179,126254.98349635105,,1361.7450000000001,0.0,,,,,,,,,,,0.0,,,,,,,,,,,,,,,2960.3232000000003,,,,,,,,,,0.0,,,,,,,,,,,4015.2769999999996,,,,,,,0.0,,,4825.352800000001,,,,,,,,6248.87,,,0.0,,,,4545.8056,,,,,,,,,,,,,,,747.1679999999999,,,,,,,,,,,
2023-08-24,79090.4002766085,45158.60666081913,124249.00693742764,,3286.0491,,,,,,,,,,,,,,,,,,,,,,,,,,,0.0,,,,,,,,,,,,,,,,,0.0,,,,4063.8181999999997,,,,,,,,,,6251.24,,,,,,,,,,,,,555.4332,,6152.8154,,,,,,,,,6094.8808,,,,,,0.0,,,,,,,,,,,1122.268
2023-08-25,76425.67997049219,47420.666985246324,123846.34695573851,,,,,,,,,,,,,,,,,,,,,,,,,,,,,,,,,,,,,,,,,,,,,,,,,,4614.291,,,1163.2652,,,,,,,5775.5306,,,,,,,,,,,,,1156.7038,,6679.8378,,,,,,,,,,,1160.7954,,,,,,,,,,,,,,,5469.6688
2023-08-28,75157.3302102635,50921.723387631835,126079.05359789536,0.0,,,,,,,,,,,,,,,,,,,,,119.6351,,,,,,,,,0.0,,,,,,,6224.533,5392.9349999999995,,,,,,,,,,,5422.0199999999995,,,,,,,,,190.1354,1253.3855999999998,,,,,,,,,,,,,4015.0638,,459.87359999999995,,,,,,,,,6572.085,,,,,,,,,,5207.780000000001,,,,,,,6267.246999999999
2023-08-29,84144.7238625003,55833.06962750055,139977.79349000083,,0.0,,,,,,,,,,,,,,,,,,,,0.0,,,2478.528,,,,,,,,,,,,,,,,,,,,,,,,,0.0,,,,,,,,,,744.7620000000001,,,,,,,,0.0,,,,,,,0.0,,,,,,,,,4279.5392,,,,,,,,,,,,,,,,,0.0
2023-08-30,106842.25998333363,59932.47211666733,166774.73210000095,,,,,,,,,,,,,,,,,,,,,,,,,,,,,,,,,,,,,,,,,,,,,,,,,,,,,0.0,,,,,,,0.0,,,,,,,,,,,,,3764.16,,,,,,,,,,,0.0,,,,,,,,,,0.0,,,,,,,
2023-08-31,113927.39430000028,87781.38672000085,201708.78102000113,,,,,,,,,,,,,,,,,,,,,,,,,,,,,,,,,,,,,,,,,,,,,,,,,,,,,,,,,,,,,,,,,,,,,,,,,0.0,,,,,,,,,,,,,0.0,,,,,,,,,,,,,,,
2023-09-05,162771.21051987982,11846.649613856564,174617.8601337364,,,,,,,,,,,,,,,,,,,,,,,,,0.0,,,,,,,,,,,,,0.0,2948.88,,,,,,,,,,,,,,,,,,,,0.0,,,,6540.370000000001,,,,,,,,,,,,,,,,,,,,,,,,,,,,,,,,,170.42999999999998,,,,,
2023-09-06,158539.0455873688,16662.397658948346,175201.44324631715,,,,,,,,,,,,,,,,,,,,,,,,,,,,,,,,,,,,,,,,,,,,,,,,,,,,,,,,,,,,,,,,,,,,,,,,,,,,,,,,,,,,,,,,,,,,,,,,8713.302,,,,,
2023-09-07,149741.22077708374,24806.260481250774,174547.4812583345,,,,,,,,,,,,,,,,,,,,,,,,,,,,,,,,,,,,,,,,,,,,,,,,,,,,,8623.8848,,,,,,,,,,,,,,,,,,,,,,,,,,,,,,,,,,,,,,,,,,,8206.67,,,,,
2023-09-08,147565.55426481526,25687.088062963594,173252.64232777883,,,,,,,,,,,,,,,,,,,,,,,,,,,,,,,,,,,,,,,,,,,,,,,,,,,,,,,,,,,,,,,,,,,,,,,,,,,,,,,,,,,,,,,,,,,,,,,,8500.4845,,,,,
2023-09-11,142905.2181200939,29556.233645794608,172461.45176588852,,,,,,,,,,,,,,,,,,,,,,,,,,,,,,,,,,,,,,,0.0,,,,8548.199999999999,,,,,,,,,,,,,,,,,,,,0.0,,,,,,,,,,,,,,,,,,,,,,,,,,,,,,,,,8560.8528,,,,,
2023-09-12,152515.63971666733,19341.63701904759,171857.2767357149,,,,,,,,,,,,,,,,,,,,,,,,1163.0864,,,,,,,,,,,,,,,,,,,,,,,,,,,,,,,,,,,,,,,,,,,,,,,,,,,,,,,,,,,,,,,,,,,,,,,,1089.9,,,,,
2023-09-13,139111.55236428627,32034.680390476216,171146.2327547625,,,,,,,,,,,,,,,,,,,,,,,,,8508.339,,,,,,,,,,,,,,,,,,8544.309099999999,,,,,,,,,,13.023,,,,,,,,,,,,,,90.168,,,,,,,,,,,,,3314.9802,,,,,,,,,,,,,,,,6970.7352,,,8412.7687,,
2023-09-14,134282.6180415391,38003.34285076911,172285.9608923082,,,,,,,,,,,,,,,,,,,,,,,,,8613.960000000001,,,,,,,,,,,,,,,,1166.0696,,,,,,,,,,,,0.0,,,,,,,,,,,,,,,,,,,,,,,,,,,,,,,,,,,,,,,,,,,8049.6202,,,,,
2023-09-15,117741.93444899048,53129.24706767661,170871.1815166671,,,,,,,,,,,,,,,,,,,,,,,,8433.4025,,,,,,,,,,,,,,,,,7314.855600000001,8544.5,8008.842,,,,,,,,,,,,,,,,,,,,,,,,,,,,,,,,,,,,,,,,,,,,,,,,,,,,,8430.09,,,,,
2023-09-18,102992.25574854833,66277.09270248927,169269.3484510376,,,,,,,,,,,,,,7635.252,,,,,,,,,,7256.433,,,,,,,1766.3091,,,,,,,,,,6331.6194,,8420.99,,,,,,,,,,,,,,,,,,,,,,,,,,,,,,,,,,,,,,,,,8231.5644,0.0,,,,,,,,,,,8303.0,,,,,
2023-09-19,103580.57745121037,62933.139352015685,166513.71680322604,,,,,,,,,,,,,,,,,,,,,,,,8260.490800000001,40.4495,,,,,,6191.1974,,,,,,,,,,7098.87,,7385.611800000001,,,,,,,,,,,,709.4612999999999,,,,,,,,,,,,,,,,,,,,,,,,,0.0,,,,,,,,,,,,,,,,2812.0169,,,0.0,,
2023-09-20,116105.01138410675,54052.85926887374,170157.8706529805,,,,,,,,,,,5187.780000000001,,,,,,,,,,,,,2826.0879999999997,0.8516,,,,,,,,,,,,,,,,6561.849999999999,8500.717499999999,,,,,,,,,,,,,6507.36,,,,,,,,,,,,0.0,,,,,,,,,,,,,,,,,,,,,,,,,,8496.9138,,,0.0,,,,,
2023-09-21,102205.22273586704,66481.90422826723,168687.12696413428,622.6999999999999,,,,,,,,,,5397.883,,,7943.215999999999,,,,,,,,,,,0.0,,,,,,8396.9706,,,,,,,,,,7148.0736,1119.7596,6780.258,,,,,,,,,,,1986.3555000000001,7380.832,,,103.18,,,,,,,,,,,,,,,,,,,,,,,,,,,,,,,,,,,8412.2808,,,,,,,,8483.0
2023-09-22,82123.87286143574,88184.07653183819,170307.94939327394,,,,,,,,,,,8413.979000000001,,,,,,,,,,,,,7122.7416,,,,,,,8498.7903,,,,,,,,,,,8397.898000000001,,,,,,,,,,,,4291.9536,,,,,,,,,,,,,,,,,,,,,,,,,,,,,,,,,,,,,,,8575.7386,,,,,,,,
2023-09-25,101653.9134611879,67107.08792191751,168761.0013831054,,,,,,,,,,,7364.7952000000005,,,507.6115,,,,,,,,,,,3893.1104,,,,,,2915.6477999999997,,,,,,,,,,4204.0575,,0.0,,,,,,,,,,,8357.875,252.51,,,,,,,,,,,,,,,,,,,,,,,,,,,,,0.0,,,,,,,,,9137.04,,,,,,,,
2023-09-26,112998.49460696266,75681.72364873448,188680.21825569714,,,,,,,,,,,4668.549,,,,,,,,,,,,,0.0,,,,,,,,,5810.703,,,,,,,,7407.52,7768.494000000001,,,,,,3655.94,1796.7151999999999,,,,,0.0,,,,,,,,,,,,,,,,,,,,,,,,,,,,,,,,,,,,,,,4155.6102,,,,,,,,
2023-09-27,140010.0240047127,50899.068858639046,190909.09286335178,0.0,,,,,3084.3672,,,,,4138.321,,,0.0,,,,,,,,353.46,,,,,,,,,481.5192,,9295.248,,,,,,,,6526.467,7320.692000000001,,,,,,9334.89,,,,,,,0.0,,,0.0,,,,,6706.34,,,,,,,,,,,,,,,,,,,,,,,,,,,,,,0.0,,,,,,,,0.0
2023-09-28,146456.37199000068,46164.4695994121,192620.84158941277,,,,,,,,,,,0.0,,,,,,,,,,,,,,,,,,,,0.0,,9486.800000000001,,,,,,,,7223.58,0.0,,,,,,0.0,0.0,,,,,,,,,1458.2664,,,,,7883.172,,,,,,,,,,,,,,,,,,,,,,,,,,,,,,,,,,,,,,
2023-09-29,156468.23843636413,35875.54971515185,192343.788151516,,,,,,,,,,,,,,,,,,,,,,,,,,,,,,,,,,,,,,,,,7040.6446,,,,,,3838.9557,,,,,,,,,,,,,,,,8358.175,,,,,,,,,,,,,,,,,,,,,,,,,,,,,,,,,,,,,,
2023-10-02,162547.59221000047,29159.687050000695,191707.27926000117,,,,,,,,,,,,,,,,,,,,,,,,,0.0,,,,,,,,4195.360000000001,,,,,,,,3488.089,,,,,,,,,,,,,,,,,,,,,,,,,,,,,,,,,,,,,,,,,,,,,,,,,,,,,,,,,,,,
2023-10-03,163405.30612307743,27551.912990210472,190957.2191132879,,,,,,541.7594,,,,,,,,,,,,,,,,0.0,,,,,,,,,,,385.7,,,,,,,,1218.8758,,,,,,,,,,,,,,,,,,,,,,3350.3694,,,,,,,,,,,,,,,,,9463.6692,,,,,,,,,,,,,2360.0214,,,,,,,,
2023-10-04,161508.98033777837,29204.72852111181,190713.70885889017,,,,,9267.4735,0.0,,,,,,,,,,,,,,,,,,,,,,,,,,,0.0,,,,,,,,201.63150000000002,,,,,,,,,,,,,,,,,0.0,,,,,9328.8928,,,,,,,,,,,,,,,,,,,,,,,,,,,,,,,,,,,,,,
2023-10-05,162770.51570714352,27559.22731428661,190329.74302143013,,265.216,,,,,,,,,,,,,,,,,,,,,,,,,,,,,,,,,,,,,,,0.0,,,,,,0.0,,5094.414,,,,,,,,,,,,,,3543.6659999999997,,,,,,,,,,,,,,,,,8573.599699999999,,,,,,,,,,,,,,,,,,,,,
2023-10-06,154524.44862100066,33354.86513200085,187879.3137530015,,,,,,150.32000000000002,,2562.8475000000003,,,,,,,,,,,,,,,,,,,,,,,,,,,,,,,,,,,,,,,,,9307.060000000001,,,,,,,,,,,,,,,,,,,,,,,,,,,,,,,9182.3652,,,,,,,,,,,,,4320.7455,,,,,,,,770.2875
2023-10-09,151040.76313611178,37495.335158333946,188536.0982944457,,,,,,,,5976.824,,,,,,,,,,,,,,,,,,,,,,,,,,,,,,,,,,,,,,,,,,,,,,,,,,,,,,,2199.712,,,,,,,6327.3,,,,,,,,,,717.0794,,,,,,,,,,,,,2123.7165,,,,,,,,
2023-10-10,155202.15567857207,33883.863428572084,189086.01910714415,,,,,0.0,,,,,,,,,,,,,,,,,,,,,,,,,,,,,,,,,,,,,,,,,,,,,,,,,,,,,,,,,,0.0,,,,,,,,,,,,,,,,,521.1648,,,,,,,,,,,,,2766.1543,,,,,,,,
2023-10-11,155617.99586666733,32949.8825851862,188567.87845185355,4728.9983999999995,0.0,,,,,,8177.284799999999,,,,,,,,,,,,,,,,,,,,,,,,,,,,,,,,,,,,,,,,,6911.784000000001,,,,,,,,,,,,,,,,,,,,,7907.1024,5172.0833999999995,,,,,,,,,192.3766,,,,,,,,,,,3585.2057999999997,,,,,,,,,,
2023-10-12,134272.12707279227,53105.293606360945,187377.42067915323,8933.68,,,,,0.0,,6226.5,,,,,,,,,,,320.01120000000003,,,,,,,,,,,,8168.820000000001,,,,,,,,,,,,,,,,,,4458.4972,,,,,,,,,2510.9492,,,,,,,,,,,,,8168.3946,,,,,,,,6202.0,4591.675,,,,,,,,,,,8759.380000000001,,696.2588000000001,,,,,,,,0.0
2023-10-13,113004.24453010819,73895.04483924803,186899.2893693562,9200.885400000001,,,,9242.108,,,,,,,,,,,,,,,,,,,,,,,,,,9366.825,,,,,,,,,,,,,,,,,,4574.6002,,,,,,,,,5415.52,,,,,,,,,,,,8559.7145,,,,,,,,,0.0,3346.7763999999997,,,,,,,,,,,9023.703000000001,,,,,,,,,,
2023-10-16,107567.38303233148,80189.23125864747,187756.61429097896,,,,,9282.108,,,2876.04,,,,,,,,,,,,,,,,,,,,,,,,,,,,,,,,,,,,,,,,,7863.4458,,,,,,,,,,,,,,,,,,,,,9455.8136,,,,,,,,,,,,,,,9024.96,,,,,,,,0.0,,,,,,,,
2023-10-17,124401.2451320007,68845.11261000062,193246.3577420013,0.0,,,,,,,0.0,,,,,,,,,,,,,,,,,,,,,,,,,,,,,,,,,,,,,,,,,,,,,,,,,,,,,,,,,,,,,,1987.2336,0.0,,,,,,,,,974.4302,,,,,,,,,,1080.474,0.0,,,,119.60000000000001,,,,,,
2023-10-18,151245.5743178224,46210.75628811943,197456.33060594188,,,,,,,,,,,,,,,,,,,0.0,,,,,,,,,,,,1389.7608,,,,,,,,,,,,,,,,,,4033.432,,,,,,,,,0.0,,,,,,,,,,,,9326.52,,,,,,,,,,0.0,,,,,,,,,,3668.5667999999996,,,,,,,,,,,
2023-10-19,153626.11981944513,43131.86858240779,196757.98840185293,,,,,336.5914,,,,,,,,,,,,,,,,,,,,,,,,,,0.0,,,,,,,,,,,,,,,,,,4423.3405999999995,,,,,,,,,,,,,,,,,1297.27,,,,,,,,,,,,,2081.9069,,9341.032799999999,2177.828,,,,,,,,,,,,,,,,,,,
2023-10-20,122427.61538095315,71678.50098181829,194106.11636277146,,,,,,,,,,,,,,,,,,,,,,1325.25,,,7222.7124,,,,,,,,,,,,,,,,,,,,,,,3876.8599999999997,0.0,,,,,,,,,,,,,,,,,8752.38,,,,,8937.029999999999,,,,,,,,,,,9435.167500000001,,,,,,,,,,,,,,,,,,,
2023-10-23,124373.402516217,70061.24574594543,194434.64826216243,,,4680.8152,,0.0,,,,,,,,,,,,,,,,,,,,,,,,,,,,,,8966.3286,,,,,,,,,,,,,,,,,,,,,,,,,,,,,,,9616.74,,,,7037.7176,9361.6192,,,,,,,,,,,9351.2622,,,0.0,,,,,2758.6782,,,,,0.0,,,,,,
2023-10-24,112210.24706619799,81699.87852218232,193910.1255883803,,,9647.0495,8824.2,,,,,,,,,,,,,,,,,,3343.6905,,,,,,,,,,,,,,,,,,,938.639,,,,,,,,,,,,,,,,,,,,,,,,,,,,,0.0,9534.24,,,,,,,,2570.825,,,9615.5928,,,,,,,,0.0,,,,,,,,,,,
2023-10-25,115101.02784620778,79242.73717517174,194343.7650213795,,,,,,,,,,,,,,,,,,,,,,,,,,,,,,,,,,,9106.308,,,,,,,,,,,,,,,,,,3055.8075,,,,,,,,,,,,,8699.13,,,,,9453.9536,,,,,,,,0.0,,0.0,9624.847,,,1260.0588,,,,,,,,,,,,,,,,
2023-10-26,129535.72771326055,64730.343483424615,194266.07119668517,,,9400.416,,,,,,,,,,,,,,,,,,,0.0,,,0.0,,,,,,,,,,,,452.33099999999996,,,,,,,,,,,0.0,,,,,9033.6386,,,,,9663.945600000001,,,,,,,95.02000000000001,1022.67,,,,,874.06,,,,,,,,87.87,,,2629.2357,,,2396.3,,,,,,,,,,,,,,,,
2023-10-27,132245.27134146422,62665.69057560895,194910.96191707317,,,,,,,,,,,,,,,,,,,,,,,,,,,,,,,,,,,8738.276,,,,,,,,,,,,,,,,,,9070.7526,,,,,,,,,,,814.4499999999999,4003.3920000000003,882.0,,,,,589.7733,,,,157.2656,,,,6658.0,,,,,,,,,,,,,,,,,,,,,,
2023-10-30,115277.14492599203,79127.95583193732,194405.10075792935,,,0.0,0.0,,,,,,,,,,,6684.1611,,,,,,,,7846.5915,,1595.8995,,,,,9446.9464,892.0625,,,,7603.5159,1111.8788,,,,,0.0,,,,,,9654.6443,,3090.1296,,,,,,,,,,,,,,,,,0.0,,,,,0.0,,,,,,,,9423.820000000002,,,2066.82,,,,,,,,,,,,9381.928399999999,,,,,,,
2023-10-31,88244.33091142938,107837.42882857054,196081.7597399999,,,,,,,,,,,,,,,,,,,,,,,,,,,,,,,,,,,7454.9883,1121.971,6573.8101,9821.9112,,,,,,,,,9866.820600000001,,8498.2816,,,,6205.0734,,,,,,220.125,,,,,,,,,,,,,,,,,,,,,,,0.0,,,0.0,,,,,,,,,,,,,,,,
2023-11-01,105335.54781692386,93523.55496769065,198859.1027846145,,,,,,,,,,,,,,,,,,,,,,,9600.8858,,,,,,,,,,,,,1187.5009,6005.5996000000005,,,,,,,,,,9934.488599999999,,,,,,430.93559999999997,,,,,0.0,,,,,,,3645.11,,,,,,,,,,,,,,0.0,,,,,,,,,,,,,,,,,,,,,,
2023-11-02,118308.15869189268,90269.87521621447,208578.03390810714,,,,,,,,,,,,7257.762000000001,,,,,,,,,,,0.0,,,,,,,,,,,,7475.731,,,,,,,,,,,,,,,,,,0.0,,,,,,407.15999999999997,,,,,0.0,0.0,,,,,,,,,,0.0,,,,,,,,,,,,,,,,,,,,,,,,,,
2023-11-03,117728.3179153854,93905.87380878939,211634.1917241748,,,,,,,,,,,,8467.1288,,,,,,,,,,,,,,,,,,10369.407,,,,,0.0,,0.0,,,,,,,,,,,,10736.0683,,,,,,,,,,450.216,,,,,,,,,,,,,,,,,,,,,,,,,,,,,,,,,,,,,,,,,,
2023-11-06,195842.42004444523,18755.680770368173,214598.1008148134,,,,,,,,,,,,,,,0.0,,,,,,,,,,0.0,385.8201,,,,0.0,0.0,,,,,204.26999999999998,,0.0,,,,,,,,,0.0,,0.0,,,,,,,,,,188.49,,,,,,,,,,,,,,,,,,,,,,,,,,,,,,,,,,,0.0,,,,,,,
2023-11-07,192231.58048698306,22301.713888163576,214533.29437514662,,,,,,,,,,,,,1543.6173999999999,,,,,,,,,,,,,,,,,,,,,,,5794.866,,,,,,,,,,,,,,,,,,,,,,,31.294999999999998,,,,,,,,,,,,,,,,,,,,,,,,,,,,,,,,,,,,,,,,,,
2023-11-08,189860.94968695738,24654.217999486442,214515.1676864438,,,,,,,,,,,,0.0,10790.3947,,,,,,,,,,,,,,,,,,,,,,,7433.3096000000005,,,,,,,,,,,,,,,,,,,,,,,,,,,,,,,,,,,,,,,,,,,,,,,,,,,,,,,,,,,,,,,,,
2023-11-09,178130.03026490143,35968.448500660306,214098.47876556174,,,,,,,,,,,,,10673.2458,,,,,,,,,,,,,,,,,,,,,,,10439.550000000001,,,,,,,,,,,,,,,,,,,,,,,0.0,,,,,,,,,,,2563.7106,,,,,,10274.039999999999,,,,,,10227.552500000002,,,,,,,,,,,,,,,,,,,
2023-11-10,158532.7846004933,52229.10357733743,210761.88817783076,,,,,,,,,,10228.6107,,,10355.0436,,,,,,,,,,,,,,,,6915.339999999999,,,,,,,10500.672,,,,,,,,,,,,,,,,,,,,,,,,,,,,,,,,,,,,,,,,10197.0342,,,,,,10377.0045,5071.4400000000005,,,,,,,,,,,,,,,,,,
2023-11-11,143830.5859000007,67433.53484999714,211264.12074999785,,,,,,,,,,9915.8751,,,,,,,,,,,,,,,,,,,,,,,,,,,,,,,,,,,,,,,,,,,,,,,,,,,,,,,,,,,,,,,,,,,,,,,,,,,,,,,,,,,,,,,,,,,
2023-11-13,140354.15884536147,88257.89784432708,228612.05668968853,,,,,,,,,,1127.0567999999998,,,,,,,,,,,,,,,,0.0,,,,,,,,,,,,,,,,,,,,,,988.2689999999999,,,,,,,,,,,,,,,,,,,,,,,,,,,,9501.334499999999,,,,,,,2989.3721,,,,,8673.980000000001,,,,,,,,,,,,,
2023-11-14,152018.67974135198,96739.86854134809,248758.5482827001,,,,1370.7124999999999,,,,,,,,4061.2556999999997,397.65000000000003,,,,,,,,,,,,,,,,,,,,,,,5116.498500000001,,,,,,,,,,,,,,,,,,,,,,,,,,,,,,,,,,,,,,451.147,,1914.6517,,,,,,,2883.648,,,11363.967,,,,,,,,,,,,,,,
2023-11-15,173404.15365514765,75045.72872462883,248449.88237977648,,,,,,,,,,,,12342.1714,0.0,,,,,,,,,,,,,1294.65,,,,,,,,,,0.0,,,,,,494.08,,,,76.0,,,,,,,,,2097.1859,,,,,,,,,,,,,,,0.0,,,,,,0.0,,,,,,0.0,36.980000000000004,,,12126.9504,,,,,,,,,,,,,,,
2023-11-16,180775.04210909153,62724.05417575388,243499.0962848454,,,,,,,,,,0.0,,,,,,,,,,,,,,,,2504.2446,,,0.0,,,,,,,,,,,,,,,,,,,,,,,,,,,,,,,,,,,,,,,,,,,,,,,,,,,,,,0.0,,,12014.6411,,,,,,,,,,,,,,,
2023-11-17,171697.1118285721,65993.50092856755,237690.61275713964,,,,,,,,,,,,,,,,11823.0255,,,,,,,,,,,,,,,,,,,,,,,,,,,,,,,,,,,,,,,,,,,,,,,,,,,,,,,,,,,,,,,,,,,,,,,,,,,,,,,,,,,,,
2023-11-20,203392.0105428578,35421.386514282334,238813.39705714016,,,,0.0,,,,,,,,0.0,,,,,,,,,,,,,,,,,,,,,,,,,,,,,,,,,,,,,,,,,,,,,,,,,,,,,,,,,,,,,,,,,,,,,,,,,,2035.3995999999997,,0.0,,,,,,,,,,,,,
2023-11-21,217608.94487692372,21660.01655384299,239268.96143076674,,,,,,,,,,,,,,,,,,,,,,,,,,,,,,,,,,,,,,,,,,0.0,,,,,,,,,,,,,,,,,,,,,,,,,,,,,,,,,,,,,,,,,,,,302.80490000000003,,,,,,,,,,,,,,,
